BAC,Bank of America Corporation
CSCO,Cisco Systems, Inc.
GE,General Electric Company
AMD,Advanced Micro Devices, Inc.
C,Citigroup Inc.
F,Ford Motor Company
WFC,Wells Fargo & Company
IQ,iQIYI, Inc.
FCX,Freeport-McMoRan Inc.
DNR,Denbury Resources Inc.
JPM,JPMorgan Chase & Co.
CMCSA,Comcast Corporation
FOXA,Twenty-First Century Fox, Inc.
MSFT,Microsoft Corporation
CHK,Chesapeake Energy Corporation
CA,CA, Inc.
RF,Regions Financial Corporation
TWTR,Twitter, Inc.
SBUX,Starbucks Corporation
AVGO,Broadcom Inc.
NFLX,Netflix, Inc.
NOK,Nokia Corporation
NBR,Nabors Industries Ltd.
BABA,Alibaba Group Holding Limited
VALE,Vale S.A.
GOGO,Gogo Inc.
SNAP,Snap Inc.
INFY,Infosys Limited
RIG,Transocean Ltd.
AAPL,Apple Inc.
INTC,Intel Corporation
PFE,Pfizer Inc.
FB,Facebook, Inc.
BILI,Bilibili Inc.
SWN,Southwestern Energy Company
SYF,Synchrony Financial
MS,Morgan Stanley
BBD,Banco Bradesco S.A.
LB,L Brands, Inc.
TEVA,Teva Pharmaceutical Industries Limited
OPK,OPKO Health, Inc.
HUYA,HUYA Inc.
ROKU,Roku, Inc.
SQ,Square, Inc.
AUY,Yamana Gold Inc.
KEY,KeyCorp
HBAN,Huntington Bancshares Incorporated
SIRI,Sirius XM Holdings Inc.
VZ,Verizon Communications Inc.
WBA,Walgreens Boots Alliance, Inc.
MRO,Marathon Oil Corporation
PEGI,Pattern Energy Group Inc.
JNJ,Johnson & Johnson
BP,BP p.l.c.
AKS,AK Steel Holding Corporation
XOM,Exxon Mobil Corporation
AAL,American Airlines Group Inc.
JD,JD.com, Inc.
IBN,ICICI Bank Limited
ESV,Ensco plc
APRN,Blue Apron Holdings, Inc.
NVRO,Nevro Corp.
EBAY,eBay Inc.
DIS,The Walt Disney Company
KMI,Kinder Morgan, Inc.
SAN,Banco Santander, S.A.
PAGS,PagSeguro Digital Ltd.
JNPR,Juniper Networks, Inc.
S,Sprint Corporation
PM,Philip Morris International Inc.
ZNGA,Zynga Inc.
AKRX,Akorn, Inc.
USB,U.S. Bancorp
VRX,Valeant Pharmaceuticals International, Inc.
AMRN,Amarin Corporation plc
MGM,MGM Resorts International
I,Intelsat S.A.
DVN,Devon Energy Corporation
NVDA,NVIDIA Corporation
MRVL,Marvell Technology Group Ltd.
TSLA,Tesla, Inc.
WMB,The Williams Companies, Inc.
AMAT,Applied Materials, Inc.
DAL,Delta Air Lines, Inc.
GRPN,Groupon, Inc.
COP,ConocoPhillips
STI,SunTrust Banks, Inc.
WMT,Walmart Inc.
UAA,Under Armour, Inc.
MRK,Merck & Co., Inc.
WFT,Weatherford International plc
VIPS,Vipshop Holdings Limited
MCD,McDonald's Corporation
PLUG,Plug Power Inc.
PG,The Procter & Gamble Company
PYPL,PayPal Holdings, Inc.
X,United States Steel Corporation
AZN,AstraZeneca PLC
M,Macy's, Inc.
PNC,The PNC Financial Services Group, Inc.
CVS,CVS Health Corporation
RAD,Rite Aid Corporation
DE,Deere & Company
VOD,Vodafone Group Plc
SKX,Skechers U.S.A., Inc.
NLY,Annaly Capital Management, Inc.
MO,Altria Group, Inc.
FNSR,Finisar Corporation
STNG,Scorpio Tankers Inc.
AMZN,Amazon.com, Inc.
KR,The Kroger Co.
FITB,Fifth Third Bancorp
GGP,GGP Inc.
CELG,Celgene Corporation
OXY,Occidental Petroleum Corporation
UTX,United Technologies Corporation
FAST,Fastenal Company
HTZ,Hertz Global Holdings, Inc.
TRXC,TransEnterix, Inc.
LOW,Lowe's Companies, Inc.
HPQ,HP Inc.
CRRFY,CARREFOUR SA
CFG,Citizens Financial Group, Inc.
SCHW,The Charles Schwab Corporation
CSX,CSX Corporation
KO,The Coca-Cola Company
ABX,Barrick Gold Corporation
CTL,CenturyLink, Inc.
GPS,The Gap, Inc.
CLF,Cleveland-Cliffs Inc.
ACHN,Achillion Pharmaceuticals, Inc.
NXPI,NXP Semiconductors N.V.
CX,CEMEX, S.A.B. de C.V.
SLB,Schlumberger Limited
TSM,Taiwan Semiconductor Manufacturing Company Limited
ON,ON Semiconductor Corporation
HAL,Halliburton Company
ATVI,Activision Blizzard, Inc.
NE,Noble Corporation plc
OAS,Oasis Petroleum Inc.
ADBE,Adobe Systems Incorporated
IVZ,Invesco Ltd.
BSX,Boston Scientific Corporation
GM,General Motors Company
CTSH,Cognizant Technology Solutions Corporation
FLEX,Flex Ltd.
P,Pandora Media, Inc.
KHC,The Kraft Heinz Company
ABT,Abbott Laboratories
RRC,Range Resources Corporation
AEO,American Eagle Outfitters, Inc.
ZGNX,Zogenix, Inc.
GT,The Goodyear Tire & Rubber Company
HPE,Hewlett Packard Enterprise Company
PEP,PepsiCo, Inc.
SYMC,Symantec Corporation
MPC,Marathon Petroleum Corporation
MDT,Medtronic plc
SBGL,Sibanye Gold Limited
MOMO,Momo Inc.
TCEHY,Tencent Holdings Limited
UNP,Union Pacific Corporation
MDLZ,Mondelez International, Inc.
CZR,Caesars Entertainment Corporation
CPE,Callon Petroleum Company
CRM,salesforce.com, inc.
NYCB,New York Community Bancorp, Inc.
EXC,Exelon Corporation
CY,Cypress Semiconductor Corporation
BBT,BB&T Corporation
QCOM,QUALCOMM Incorporated
VSTM,Verastem, Inc.
GILD,Gilead Sciences, Inc.
GGB,Gerdau S.A.
CUZ,Cousins Properties Incorporated
NBL,Noble Energy, Inc.
CAG,Conagra Brands, Inc.
HBI,Hanesbrands Inc.
JCI,Johnson Controls International plc
SFIX,Stitch Fix, Inc.
YUMC,Yum China Holdings, Inc.
ERIC,Telefonaktiebolaget LM Ericsson (publ)
OZRK,Bank of the Ozarks
CCL,Carnival Corporation
KKR,KKR & Co. Inc.
BKD,Brookdale Senior Living Inc.
FTI,TechnipFMC plc
BBY,Best Buy Co., Inc.
LC,LendingClub Corporation
FOX,Twenty-First Century Fox, Inc.
KGC,Kinross Gold Corporation
AXON,Axovant Sciences Ltd.
WPX,WPX Energy, Inc.
RHHBY,Roche Holding AG
DWDP,DowDuPont Inc.
CAH,Cardinal Health, Inc.
LBTYK,Liberty Global plc
GPOR,Gulfport Energy Corporation
LUV,Southwest Airlines Co.
BMY,Bristol-Myers Squibb Company
HMY,Harmony Gold Mining Company Limited
FHN,First Horizon National Corporation
VER,VEREIT, Inc.
CVE,Cenovus Energy Inc.
CVX,Chevron Corporation
FDC,First Data Corporation
NWL,Newell Brands Inc.
EPD,Enterprise Products Partners L.P.
CGC,Canopy Growth Corporation
FIT,Fitbit, Inc.
HRG,HRG Group, Inc.
ABBV,AbbVie Inc.
DB,Deutsche Bank Aktiengesellschaft
ETP,Energy Transfer Partners, L.P.
PEG,Public Service Enterprise Group Incorporated
AVP,Avon Products, Inc.
NOG,Northern Oil and Gas, Inc.
EXEL,Exelixis, Inc.
APA,Apache Corporation
BBBY,Bed Bath & Beyond Inc.
SLM,SLM Corporation
BIDU,Baidu, Inc.
SM,SM Energy Company
CTMX,CytomX Therapeutics, Inc.
LPI,Laredo Petroleum, Inc.
BEN,Franklin Resources, Inc.
ADT,ADT Inc.
MDXG,MiMedx Group, Inc.
UPL,Ultra Petroleum Corp.
JBLU,JetBlue Airways Corporation
CF,CF Industries Holdings, Inc.
CAT,Caterpillar Inc.
APC,Anadarko Petroleum Corporation
GS,The Goldman Sachs Group, Inc.
PTEN,Patterson-UTI Energy, Inc.
SU,Suncor Energy Inc.
ZION,Zions Bancorporation
PGR,The Progressive Corporation
DHI,D.R. Horton, Inc.
BK,The Bank of New York Mellon Corporation
SO,The Southern Company
GIS,General Mills, Inc.
BB,BlackBerry Limited
IGT,International Game Technology PLC
NRG,NRG Energy, Inc.
VKTX,Viking Therapeutics, Inc.
WTI,W&T Offshore, Inc.
MAS,Masco Corporation
SLCA,U.S. Silica Holdings, Inc.
BWP,Boardwalk Pipeline Partners, LP
NFX,Newfield Exploration Company
BJ,BJ's Wholesale Club Holdings, Inc.
PF,Pinnacle Foods Inc.
DISCA,Discovery, Inc.
LLY,Eli Lilly and Company
ODP,Office Depot, Inc.
HST,Host Hotels & Resorts, Inc.
ENDP,Endo International plc
ERJ,Embraer S.A.
AXP,American Express Company
XXII,22nd Century Group, Inc.
IMGN,ImmunoGen, Inc.
SOGO,Sogou Inc.
MA,Mastercard Incorporated
ERI,Eldorado Resorts, Inc.
MNK,Mallinckrodt Public Limited Company
IBM,International Business Machines Corporation
ACAD,ACADIA Pharmaceuticals Inc.
MAT,Mattel, Inc.
TMUS,T-Mobile US, Inc.
ISBC,Investors Bancorp, Inc.
XRX,Xerox Corporation
MET,MetLife, Inc.
TGT,Target Corporation
DBX,Dropbox, Inc.
PCG,PG&E Corporation
SPLK,Splunk Inc.
WEC,WEC Energy Group, Inc.
CPB,Campbell Soup Company
BX,The Blackstone Group L.P.
EPE,EP Energy Corporation
LKQ,LKQ Corporation
PHM,PulteGroup, Inc.
ABB,ABB Ltd
UA,Under Armour, Inc.
AR,Antero Resources Corporation
BLL,Ball Corporation
AIG,American International Group, Inc.
TXN,Texas Instruments Incorporated
TRUE,TrueCar, Inc.
AMBA,Ambarella, Inc.
PAH,Platform Specialty Products Corporation
AES,The AES Corporation
RH,Restoration Hardware
MYL,Mylan N.V.
FEYE,FireEye, Inc.
RHT,Red Hat, Inc.
AVEO,AVEO Pharmaceuticals, Inc.
CMA,Comerica Incorporated
AAOI,Applied Optoelectronics, Inc.
ENB,Enbridge Inc.
DG,Dollar General Corporation
HES,Hess Corporation
BHP,BHP Billiton Limited
FTR,Frontier Communications Corporation
PCAR,PACCAR Inc
SPN,Superior Energy Services, Inc.
TGA,TransGlobe Energy Corporation
AGNC,AGNC Investment Corp.
GG,Goldcorp Inc.
ETM,Entercom Communications Corp.
TV,Grupo Televisa, S.A.B.
CLNE,Clean Energy Fuels Corp.
WU,The Western Union Company
PZZA,Papa John's International, Inc.
MLCO,Melco Resorts & Entertainment Limited
GME,GameStop Corp.
RDC,Rowan Companies plc
WDAY,Workday, Inc.
EA,Electronic Arts Inc.
FL,Foot Locker, Inc.
ETFC,E*TRADE Financial Corporation
DRYS,DryShips Inc.
CTRP,Ctrip.com International, Ltd.
KSS,Kohl's Corporation
GPRO,GoPro, Inc.
PE,Parsley Energy, Inc.
ATUS,Altice USA, Inc.
WWE,World Wrestling Entertainment, Inc.
TRGP,Targa Resources Corp.
PBCT,People's United Financial, Inc.
TJX,The TJX Companies, Inc.
KIM,Kimco Realty Corporation
PPL,PPL Corporation
TECK,Teck Resources Limited
NOV,National Oilwell Varco, Inc.
TNDM,Tandem Diabetes Care, Inc.
HL,Hecla Mining Company
LYG,Lloyds Banking Group plc
USFD,US Foods Holding Corp.
COG,Cabot Oil & Gas Corporation
CRC,California Resources Corporation
JBHT,J.B. Hunt Transport Services, Inc.
HRB,H&R Block, Inc.
OKE,ONEOK, Inc.
GLW,Corning Incorporated
PSTG,Pure Storage, Inc.
MTB,M&T Bank Corporation
COTY,Coty Inc.
BA,The Boeing Company
SN,Sanchez Energy Corporation
ETE,Energy Transfer Equity, L.P.
NGD,New Gold Inc.
HCC,Warrior Met Coal, Inc.
YNDX,Yandex N.V.
WPG,Washington Prime Group Inc.
DKS,Dick's Sporting Goods, Inc.
UAL,United Continental Holdings, Inc.
BAX,Baxter International Inc.
LRCX,Lam Research Corporation
D,Dominion Energy, Inc.
K,Kellogg Company
BHGE,Baker Hughes, a GE company
EQT,EQT Corporation
CXO,Concho Resources Inc.
NAVI,Navient Corporation
HCP,HCP, Inc.
JWN,Nordstrom, Inc.
CNQ,Canadian Natural Resources Limited
KBR,KBR, Inc.
BOX,Box, Inc.
MDB,MongoDB, Inc.
IPG,The Interpublic Group of Companies, Inc.
CLR,Continental Resources, Inc.
PAYX,Paychex, Inc.
STT,State Street Corporation
HON,Honeywell International Inc.
NKTR,Nektar Therapeutics
UXIN,Uxin Limited
MIK,The Michaels Companies, Inc.
DFS,Discover Financial Services
SRCI,SRC Energy Inc.
ZTO,ZTO Express (Cayman) Inc.
SIG,Signet Jewelers Limited
NOW,ServiceNow, Inc.
CIEN,Ciena Corporation
ZUO,Zuora, Inc.
CL,Colgate-Palmolive Company
GD,General Dynamics Corporation
NTNX,Nutanix, Inc.
AMGN,Amgen Inc.
ROST,Ross Stores, Inc.
FOLD,Amicus Therapeutics, Inc.
LVS,Las Vegas Sands Corp.
ALSN,Allison Transmission Holdings, Inc.
CHS,Chico's FAS, Inc.
VEON,VEON Ltd.
VLY,Valley National Bancorp
LBTYA,Liberty Global plc
HD,The Home Depot, Inc.
XEL,Xcel Energy Inc.
LMT,Lockheed Martin Corporation
UNH,UnitedHealth Group Incorporated
SGYP,Synergy Pharmaceuticals Inc.
EEP,Enbridge Energy Partners, L.P.
UPS,United Parcel Service, Inc.
ARRY,Array BioPharma Inc.
STM,STMicroelectronics N.V.
EXTR,Extreme Networks, Inc.
PDS,Precision Drilling Corporation
GERN,Geron Corporation
HLT,Hilton Worldwide Holdings Inc.
DDD,3D Systems Corporation
TPR,Tapestry, Inc.
CRON,Cronos Group Inc.
SAVE,Spirit Airlines, Inc.
SUM,Summit Materials, Inc.
DLTR,Dollar Tree, Inc.
WEN,The Wendy's Company
WLL,Whiting Petroleum Corporation
AET,Aetna Inc.
ADM,Archer-Daniels-Midland Company
STZ,Constellation Brands, Inc.
KMB,Kimberly-Clark Corporation
BBL,BHP Billiton plc
CBAY,CymaBay Therapeutics, Inc.
UBS,UBS Group AG
WPZ,Williams Partners L.P.
DISH,DISH Network Corporation
TAL,TAL Education Group
GOOGL,Alphabet Inc.
QEP,QEP Resources, Inc.
COF,Capital One Financial Corporation
OMC,Omnicom Group Inc.
NSC,Norfolk Southern Corporation
FCAU,Fiat Chrysler Automobiles N.V.
VFC,V.F. Corporation
QRTEA,Qurate Retail Group, Inc.
ZTS,Zoetis Inc.
GSK,GlaxoSmithKline plc
AU,AngloGold Ashanti Limited
KBH,KB Home
RES,RPC, Inc.
PX,Praxair, Inc.
NEM,Newmont Mining Corporation
VLO,Valero Energy Corporation
BTE,Baytex Energy Corp.
VST,Vistra Energy Corp.
STX,Seagate Technology plc
BCS,Barclays PLC
KLIC,Kulicke and Soffa Industries, Inc.
TXMD,TherapeuticsMD, Inc.
UMPQ,Umpqua Holdings Corporation
EDR,Education Realty Trust, Inc.
WBT,Welbilt, Inc.
ZAYO,Zayo Group Holdings, Inc.
WDC,Western Digital Corporation
CBD,Companhia Brasileira de Distribui
TEX,Terex Corporation
LILAK,Liberty Latin America Ltd.
EVHC,Envision Healthcare Corporation
FRC,First Republic Bank
BSTI,BEST Inc.
MBT,Public Joint-Stock Company Mobile TeleSystems
ACXM,Acxiom Corporation
AFL,Aflac Incorporated
RIO,Rio Tinto plc
GSM,Ferroglobe PLC
COST,Costco Wholesale Corporation
BBVA,Banco Bilbao Vizcaya Argentaria, S.A.
ANF,Abercrombie & Fitch Co.
KAR,KAR Auction Services, Inc.
SGMO,Sangamo Therapeutics, Inc.
XOG,Extraction Oil & Gas, Inc.
KNX,Knight-Swift Transportation Holdings Inc.
PINC,Premier, Inc.
PDLI,PDL BioPharma, Inc.
NUAN,Nuance Communications, Inc.
CHD,Church & Dwight Co., Inc.
ES,Eversource Energy
HUN,Huntsman Corporation
CCK,Crown Holdings, Inc.
SCG,SCANA Corporation
DDR,DDR Corp.
WYNN,Wynn Resorts, Limited
MMM,3M Company
TGNA,TEGNA Inc.
MT,ArcelorMittal
ANW,Aegean Marine Petroleum Network Inc.
NOC,Northrop Grumman Corporation
SEND,SendGrid, Inc.
RCL,Royal Caribbean Cruises Ltd.
Z,Zillow Group, Inc.
APPN,Appian Corporation
RUN,Sunrun Inc.
INFN,Infinera Corporation
GTN,Gray Television, Inc.
FE,FirstEnergy Corp.
BRFS,BRF S.A.
CDE,Coeur Mining, Inc.
AMC,AMC Entertainment Holdings, Inc.
EOG,EOG Resources, Inc.
DO,Diamond Offshore Drilling, Inc.
MCHP,Microchip Technology Incorporated
PPG,PPG Industries, Inc.
DUK,Duke Energy Corporation
INVH,Invitation Homes Inc.
MFA,MFA Financial, Inc.
QSR,Restaurant Brands International Inc.
BHF,Brighthouse Financial, Inc.
SBH,Sally Beauty Holdings, Inc.
MNKD,MannKind Corporation
ENPH,Enphase Energy, Inc.
FNB,F.N.B. Corporation
CNHI,CNH Industrial N.V.
MOS,The Mosaic Company
SMFG,Sumitomo Mitsui Financial Group, Inc.
PAA,Plains All American Pipeline, L.P.
GRFS,Grifols, S.A.
BGCP,BGC Partners, Inc.
ARNC,Arconic Inc.
ASNA,Ascena Retail Group, Inc.
HFC,HollyFrontier Corporation
FNKO,Funko, Inc.
TOL,Toll Brothers, Inc.
CNP,CenterPoint Energy, Inc.
ILG,ILG, Inc.
WRD,WildHorse Resource Development Corporation
CDEV,Centennial Resource Development, Inc.
JAG,Jagged Peak Energy Inc.
GOV,Government Properties Income Trust
SNH,Senior Housing Properties Trust
SRNE,Sorrento Therapeutics, Inc.
CLDR,Cloudera, Inc.
NRZ,New Residential Investment Corp.
WP,Worldpay, Inc.
USA,Liberty All-Star Equity Fund
FSLR,First Solar, Inc.
IAG,IAMGOLD Corporation
TXT,Textron Inc.
RSPP,RSP Permian, Inc.
FBP,First BanCorp.
LITE,Lumentum Holdings Inc.
VRTX,Vertex Pharmaceuticals Incorporated
NLSN,Nielsen Holdings plc
VTR,Ventas, Inc.
LYV,Live Nation Entertainment, Inc.
ARQL,ArQule, Inc.
ALXN,Alexion Pharmaceuticals, Inc.
RTN,Raytheon Company
HIMX,Himax Technologies, Inc.
URBN,Urban Outfitters, Inc.
OCLR,Oclaro, Inc.
MTG,MGIC Investment Corporation
BSBR,Banco Santander (Brasil) S.A.
COUP,Coupa Software Incorporated
HOG,Harley-Davidson, Inc.
AEP,American Electric Power Company, Inc.
SPOT,Spotify Technology S.A.
NVS,Novartis AG
GEN,Genesis Healthcare, Inc.
OC,Owens Corning
EGY,VAALCO Energy, Inc.
MTCH,Match Group, Inc.
MITL,Mitel Networks Corporation
DXC,DXC Technology Company
AG,First Majestic Silver Corp.
TLRD,Tailored Brands, Inc.
TWLO,Twilio Inc.
NTAP,NetApp, Inc.
KORS,Michael Kors Holdings Limited
FNJN,Finjan Holdings, Inc.
ATI,Allegheny Technologies Incorporated
ALLY,Ally Financial Inc.
STWD,Starwood Property Trust, Inc.
SYNT,Syntel, Inc.
BPL,Buckeye Partners, L.P.
TRIP,TripAdvisor, Inc.
BRX,Brixmor Property Group Inc.
CMS,CMS Energy Corporation
EL,The Estee Lauder Companies Inc.
BZUN,Baozun Inc.
SFM,Sprouts Farmers Market, Inc.
SNY,Sanofi
SEAS,SeaWorld Entertainment, Inc.
PBI,Pitney Bowes Inc.
BTG,B2Gold Corp.
ZEN,Zendesk, Inc.
NCLH,Norwegian Cruise Line Holdings Ltd.
ESRT,Empire State Realty Trust, Inc.
BKS,Barnes & Noble, Inc.
EMR,Emerson Electric Co.
EPC,Edgewell Personal Care Company
NEXA,Nexa Resources S.A.
FOSL,Fossil Group, Inc.
WETF,WisdomTree Investments, Inc.
PVTL,Pivotal Software, Inc.
GLNCY,Glencore Plc
WY,Weyerhaeuser Company
VC,Visteon Corporation
EXPR,Express, Inc.
CYH,Community Health Systems, Inc.
OUT,Outfront Media Inc.
TER,Teradyne, Inc.
CRZO,Carrizo Oil & Gas, Inc.
OKTA,Okta, Inc.
NYT,The New York Times Company
CPG,Crescent Point Energy Corp.
MPW,Medical Properties Trust, Inc.
TDOC,Teladoc, Inc.
PPDF,PPDAI Group Inc.
CAR,Avis Budget Group, Inc.
MMC,Marsh & McLennan Companies, Inc.
GSKY,GreenSky, Inc.
LNG,Cheniere Energy, Inc.
BMRN,BioMarin Pharmaceutical Inc.
LYB,LyondellBasell Industries N.V.
TAP,Molson Coors Brewing Company
WUBA,58.com Inc.
SYY,Sysco Corporation
CHKP,Check Point Software Technologies Ltd.
YPF,YPF Sociedad Anonima
BIIB,Biogen Inc.
UNM,Unum Group
DQ,Daqo New Energy Corp.
TSS,Total System Services, Inc.
DOCU,DocuSign, Inc.
CLNY,Colony Capital, Inc.
TAHO,Tahoe Resources Inc.
BERY,Berry Global Group, Inc.
GNW,Genworth Financial, Inc.
JBL,Jabil Inc.
PRSP,Perspecta Inc.
ESRX,Express Scripts Holding Company
CVEO,Civeo Corporation
TGE,Tallgrass Energy, LP
PPC,Pilgrim's Pride Corporation
HPR,HighPoint Resources Corporation
MDRX,Allscripts Healthcare Solutions, Inc.
PLD,Prologis, Inc.
CNDT,Conduent Incorporated
ETSY,Etsy, Inc.
CRH,CRH plc
CS,Credit Suisse Group AG
GPK,Graphic Packaging Holding Company
NEE,NextEra Energy, Inc.
AMTD,TD Ameritrade Holding Corporation
IQV,IQVIA Holdings Inc.
OSTK,Overstock.com, Inc.
SCYX,SCYNEXIS, Inc.
OII,Oceaneering International, Inc.
GDI,Gardner Denver Holdings, Inc.
NI,NiSource Inc.
GOOG,Alphabet Inc.
ABC,AmerisourceBergen Corporation
GNTX,Gentex Corporation
VICI,VICI Properties Inc.
ED,Consolidated Edison, Inc.
SRE,Sempra Energy
IMMU,Immunomedics, Inc.
PRU,Prudential Financial, Inc.
PSX,Phillips 66
FET,Forum Energy Technologies, Inc.
VMW,VMware, Inc.
INCY,Incyte Corporation
CCJ,Cameco Corporation
MFGP,Micro Focus International plc
CBB,Cincinnati Bell Inc.
RIGL,Rigel Pharmaceuticals, Inc.
NUE,Nucor Corporation
NVO,Novo Nordisk A/S
AA,Alcoa Corporation
SCCO,Southern Copper Corporation
PACW,PacWest Bancorp
UNIT,Uniti Group Inc.
PLNT,Planet Fitness, Inc.
FRAC,Keane Group, Inc.
NXST,Nexstar Media Group, Inc.
LEN,Lennar Corporation
TK,Teekay Corporation
CNC,Centene Corporation
PNR,Pentair plc
HAIN,The Hain Celestial Group, Inc.
PIR,Pier 1 Imports, Inc.
YELP,Yelp Inc.
TERP,TerraForm Power, Inc.
WSM,Williams-Sonoma, Inc.
TRQ,Turquoise Hill Resources Ltd.
CERN,Cerner Corporation
IP,International Paper Company
MDP,Meredith Corporation
TPGE,TPG Pace Energy Holdings Corp.
MNST,Monster Beverage Corporation
VRAY,ViewRay, Inc.
CORT,Corcept Therapeutics Incorporated
WHD,Cactus, Inc.
TEAM,Atlassian Corporation Plc
HCLP,Hi-Crush Partners LP
MXL,MaxLinear, Inc.
STL,Sterling Bancorp
CRK,Comstock Resources, Inc.
TELL,Tellurian Inc.
DEPO,Depomed, Inc.
RSG,Republic Services, Inc.
AXTA,Axalta Coating Systems Ltd.
CWH,Camping World Holdings, Inc.
ETN,Eaton Corporation plc
SEE,Sealed Air Corporation
ISRG,Intuitive Surgical, Inc.
WPM,Wheaton Precious Metals Corp.
QD,Qudian Inc.
DBD,Diebold Nixdorf, Incorporated
DHR,Danaher Corporation
VOYA,Voya Financial, Inc.
SENS,Senseonics Holdings, Inc.
UN,Unilever N.V.
ACN,Accenture plc
EWBC,East West Bancorp, Inc.
PDCO,Patterson Companies, Inc.
ECR,Eclipse Resources Corporation
SE,Sea Limited
EXR,Extra Space Storage Inc.
SHOP,Shopify Inc.
JAZZ,Jazz Pharmaceuticals plc
WB,Weibo Corporation
HRL,Hormel Foods Corporation
CHRW,C.H. Robinson Worldwide, Inc.
EGAN,eGain Corporation
TS,Tenaris S.A.
ANTM,Anthem, Inc.
SRPT,Sarepta Therapeutics, Inc.
AKAM,Akamai Technologies, Inc.
DOC,Physicians Realty Trust
MUR,Murphy Oil Corporation
INFO,IHS Markit Ltd.
TRMB,Trimble Inc.
AGN,Allergan plc
HEAR,Turtle Beach Corporation
FSIC,FS Investment Corporation
CBS,CBS Corporation
TCF,TCF Financial Corporation
TWO,Two Harbors Investment Corp.
KMX,CarMax, Inc.
WTW,Weight Watchers International, Inc.
HOME,At Home Group Inc.
DISCK,Discovery, Inc.
DK,Delek US Holdings, Inc.
PENN,Penn National Gaming, Inc.
CME,CME Group Inc.
OGE,OGE Energy Corp.
SAP,SAP SE
ADP,Automatic Data Processing, Inc.
DRH,DiamondRock Hospitality Company
RDUS,Radius Health, Inc.
TPX,Tempur Sealy International, Inc.
PUMP,ProPetro Holding Corp.
MUX,McEwen Mining Inc.
MHK,Mohawk Industries, Inc.
CMI,Cummins Inc.
COT,Cott Corporation
PXD,Pioneer Natural Resources Company
HDS,HD Supply Holdings, Inc.
ABUS,Arbutus Biopharma Corporation
FTNT,Fortinet, Inc.
NVT,nVent Electric plc
ADI,Analog Devices, Inc.
MDR,McDermott International, Inc.
CBRE,CBRE Group, Inc.
CB,Chubb Limited
URI,United Rentals, Inc.
VIAB,Viacom, Inc.
PGNX,Progenics Pharmaceuticals, Inc.
ING,ING Groep N.V.
ABR,Arbor Realty Trust, Inc.
ALL,The Allstate Corporation
TSN,Tyson Foods, Inc.
CCI,Crown Castle International Corp. (REIT)
PLAY,Dave & Buster's Entertainment, Inc.
BWA,BorgWarner Inc.
FDX,FedEx Corporation
UDR,UDR, Inc.
HGV,Hilton Grand Vacations Inc.
COMM,CommScope Holding Company, Inc.
AVYA,Avaya Holdings Corp.
OLED,Universal Display Corporation
HZNP,Horizon Pharma Public Limited Company
FNF,Fidelity National Financial, Inc.
LNC,Lincoln National Corporation
IRWD,Ironwood Pharmaceuticals, Inc.
DXCM,DexCom, Inc.
XRAY,DENTSPLY SIRONA Inc.
CNX,CNX Resources Corporation
PANW,Palo Alto Networks, Inc.
MEET,The Meet Group, Inc.
VSH,Vishay Intertechnology, Inc.
CROX,Crocs, Inc.
CARS,Cars.com Inc.
GTE,Gran Tierra Energy Inc.
CASA,Casa Systems, Inc.
DOMO,Domo, Inc.
PVG,Pretium Resources Inc.
CPRT,Copart, Inc.
LULU,Lululemon Athletica Inc.
TPH,TRI Pointe Group, Inc.
NAT,Nordic American Tankers Limited
ICE,Intercontinental Exchange, Inc.
TROW,T. Rowe Price Group, Inc.
VYGR,Voyager Therapeutics, Inc.
NTR,Nutrien Ltd.
WM,Waste Management, Inc.
XNET,Xunlei Limited
FTV,Fortive Corporation
SPWR,SunPower Corporation
FISV,Fiserv, Inc.
BLMN,Bloomin' Brands, Inc.
SWKS,Skyworks Solutions, Inc.
AEG,Aegon N.V.
KEM,KEMET Corporation
PAY,VeriFone Systems, Inc.
SMPL,The Simply Good Foods Company
CNK,Cinemark Holdings, Inc.
SBRA,Sabra Health Care REIT, Inc.
GBX,The Greenbrier Companies, Inc.
BKU,BankUnited, Inc.
TEUM,Pareteum Corporation
HOLX,Hologic, Inc.
TWNK,Hostess Brands, Inc.
COLL,Collegium Pharmaceutical, Inc.
SSW,Seaspan Corporation
CUBE,CubeSmart
CNO,CNO Financial Group, Inc.
EDU,New Oriental Education & Technology Group Inc.
KOS,Kosmos Energy Ltd.
EQNR,Equinor ASA
WELL,Welltower Inc.
STLD,Steel Dynamics, Inc.
SABR,Sabre Corporation
DRQ,Dril-Quip, Inc.
FII,Federated Investors, Inc.
EIX,Edison International
DRI,Darden Restaurants, Inc.
DOV,Dover Corporation
FBHS,Fortune Brands Home & Security, Inc.
DEA,Easterly Government Properties, Inc.
SHAK,Shake Shack Inc.
CNI,Canadian National Railway Company
W,Wayfair Inc.
ANDV,Andeavor
RPM,RPM International Inc.
TRTC,Terra Tech Corp.
ETR,Entergy Corporation
AGI,Alamos Gold Inc.
PH,Parker-Hannifin Corporation
TTM,Tata Motors Limited
RDN,Radian Group Inc.
TD,The Toronto-Dominion Bank
GOOS,Canada Goose Holdings Inc.
ZS,Zscaler, Inc.
FULT,Fulton Financial Corporation
FHB,First Hawaiian, Inc.
DVMT,Dell Technologies Inc.
CAL,Caleres, Inc.
DRE,Duke Realty Corporation
TEL,TE Connectivity Ltd.
DPLO,Diplomat Pharmacy, Inc.
CCE,Coca-Cola European Partners plc
LPX,Louisiana-Pacific Corporation
PFG,Principal Financial Group, Inc.
ITW,Illinois Tool Works Inc.
BIG,Big Lots, Inc.
KERX,Keryx Biopharmaceuticals, Inc.
EW,Edwards Lifesciences Corporation
ACGL,Arch Capital Group Ltd.
ST,Sensata Technologies Holding PLC
PK,Park Hotels & Resorts Inc.
XEC,Cimarex Energy Co.
BDN,Brandywine Realty Trust
FANG,Diamondback Energy, Inc.
AYI,Acuity Brands, Inc.
CHL,China Mobile Limited
VMC,Vulcan Materials Company
CZZ,Cosan Limited
AEM,Agnico Eagle Mines Limited
FMCC,Federal Home Loan Mortgage Corporation
PDCE,PDC Energy, Inc.
CLX,The Clorox Company
ZOES,Zoe's Kitchen, Inc.
CBL,CBL & Associates Properties, Inc
GLUU,Glu Mobile Inc.
CBSH,Commerce Bancshares, Inc.
ALK,Alaska Air Group, Inc.
PODD,Insulet Corporation
RCII,Rent-A-Center, Inc.
TRN,Trinity Industries, Inc.
ULTA,Ulta Beauty, Inc.
OLN,Olin Corporation
EQR,Equity Residential
SRCL,Stericycle, Inc.
NYMT,New York Mortgage Trust, Inc.
RL,Ralph Lauren Corporation
AOS,A. O. Smith Corporation
RLGY,Realogy Holdings Corp.
MFC,Manulife Financial Corporation
ALB,Albemarle Corporation
TROX,Tronox Limited
WHR,Whirlpool Corporation
BLK,BlackRock, Inc.
RGNX,REGENXBIO Inc.
SNE,Sony Corporation
PBYI,Puma Biotechnology, Inc.
HSBC,HSBC Holdings plc
VIAV,Viavi Solutions Inc.
HTHT,Huazhu Group Limited
ZN,Zion Oil & Gas, Inc.
CADE,Cadence Bancorporation
EAT,Brinker International, Inc.
SC,Santander Consumer USA Holdings Inc.
PSEC,Prospect Capital Corporation
FRED,Fred's, Inc.
FAX,Aberdeen Asia-Pacific Income Fund, Inc.
JMEI,Jumei International Holding Limited
AIZ,Assurant, Inc.
EXPE,Expedia Group, Inc.
AUO,AU Optronics Corp.
XL,XL Group Ltd
AVT,Avnet, Inc.
CIT,CIT Group Inc.
JEF,Jefferies Financial Group Inc.
TKC,Turkcell Iletisim Hizmetleri A.S.
PAAS,Pan American Silver Corp.
BAH,Booz Allen Hamilton Holding Corporation
A,Agilent Technologies, Inc.
AKAO,Achaogen, Inc.
MAN,ManpowerGroup Inc.
ORI,Old Republic International Corporation
STOR,STORE Capital Corporation
MTDR,Matador Resources Company
TSCO,Tractor Supply Company
SWK,Stanley Black & Decker, Inc.
SPG,Simon Property Group, Inc.
MUFG,Mitsubishi UFJ Financial Group, Inc.
BG,Bunge Limited
TGTX,TG Therapeutics, Inc.
YUM,YUM! Brands, Inc.
NIHD,NII Holdings, Inc.
BUD,Anheuser-Busch InBev SA/NV
PBF,PBF Energy Inc.
AMT,American Tower Corporation (REIT)
AYX,Alteryx, Inc.
ARCC,Ares Capital Corporation
GDS,GDS Holdings Limited
SPR,Spirit AeroSystems Holdings, Inc.
AXL,American Axle & Manufacturing Holdings, Inc.
O,Realty Income Corporation
HCA,HCA Healthcare, Inc.
SGH,SMART Global Holdings, Inc.
ADSK,Autodesk, Inc.
HP,Helmerich & Payne, Inc.
EVRG,Evergy, Inc.
EQH,AXA Equitable Holdings, Inc.
NOMD,Nomad Foods Limited
IRM,Iron Mountain Incorporated
TMHC,Taylor Morrison Home Corporation
SALT,Scorpio Bulkers Inc.
MDCO,The Medicines Company
ICHR,Ichor Holdings, Ltd.
AMH,American Homes 4 Rent
XON,Intrexon Corporation
ARWR,Arrowhead Pharmaceuticals, Inc.
VG,Vonage Holdings Corp.
DVA,DaVita Inc.
ALDR,Alder Biopharmaceuticals, Inc.
ACIA,Acacia Communications, Inc.
CRSP,CRISPR Therapeutics AG
SNV,Synovus Financial Corp.
NWSA,News Corporation
FLO,Flowers Foods, Inc.
YY,YY Inc.
AXAS,Abraxas Petroleum Corporation
TMO,Thermo Fisher Scientific Inc.
ROK,Rockwell Automation Inc.
AUPH,Aurinia Pharmaceuticals Inc.
NEPT,Neptune Technologies & Bioressources Inc.
AEE,Ameren Corporation
TRV,The Travelers Companies, Inc.
DAN,Dana Incorporated
TSRO,Tesaro, Inc.
AAXN,Axon Enterprise, Inc.
ALGN,Align Technology, Inc.
ARI,Apollo Commercial Real Estate Finance, Inc.
SFUN,Fang Holdings Limited
CMO,Capstead Mortgage Corporation
OSK,Oshkosh Corporation
MIDD,The Middleby Corporation
WDR,Waddell & Reed Financial, Inc.
CRUS,Cirrus Logic, Inc.
INTU,Intuit Inc.
TTWO,Take-Two Interactive Software, Inc.
FIVE,Five Below, Inc.
CTXS,Citrix Systems, Inc.
CGNX,Cognex Corporation
EGN,Energen Corporation
GDDY,GoDaddy Inc.
EDIT,Editas Medicine, Inc.
PETS,PetMed Express, Inc.
BNS,The Bank of Nova Scotia
TDC,Teradata Corporation
MPLX,MPLX LP
BC,Brunswick Corporation
FWONK,Formula One Group
YEXT,Yext, Inc.
AGCO,AGCO Corporation
GRUB,GrubHub Inc.
GPN,Global Payments Inc.
BCE,BCE Inc.
CENX,Century Aluminum Company
EC,Ecopetrol S.A.
WRK,WestRock Company
GNC,GNC Holdings, Inc.
WAB,Westinghouse Air Brake Technologies Corporation
EGHT,8x8, Inc.
ATH,Athene Holding Ltd.
TRI,Thomson Reuters Corporation
AAP,Advance Auto Parts, Inc.
OHI,Omega Healthcare Investors, Inc.
EXK,Endeavour Silver Corp.
STAY,Extended Stay America, Inc. Paired Shares
DTE,DTE Energy Company
NNN,National Retail Properties, Inc.
APTV,Aptiv PLC
KSU,Kansas City Southern
AZUL,Azul S.A.
SUPV,Grupo Supervielle S.A.
BECN,Beacon Roofing Supply, Inc.
CC,The Chemours Company
ESPR,Esperion Therapeutics, Inc.
BOFI,BofI Holding, Inc.
WIN,Windstream Holdings, Inc.
BURL,Burlington Stores, Inc.
EXPD,Expeditors International of Washington, Inc.
BTI,British American Tobacco p.l.c.
COOL,PolarityTE, Inc.
CVNA,Carvana Co.
AMP,Ameriprise Financial, Inc.
GLNG,Golar LNG Limited
IR,Ingersoll-Rand Plc
FRAN,Francesca's Holdings Corporation
NTRS,Northern Trust Corporation
TTPH,Tetraphase Pharmaceuticals, Inc.
KT,KT Corporation
EGC,Energy XXI Gulf Coast, Inc.
EXAS,Exact Sciences Corporation
PAGP,Plains GP Holdings, L.P.
BITA,Bitauto Holdings Limited
BGS,B&G Foods, Inc.
RXN,Rexnord Corporation
MD,MEDNAX, Inc.
MGA,Magna International Inc.
CHTR,Charter Communications, Inc.
AFLYY,Air France-KLM SA
APTO,Aptose Biosciences Inc.
RRD,R.R. Donnelley & Sons Company
FG,FGL Holdings
DNKN,Dunkin' Brands Group, Inc.
CTB,Cooper Tire & Rubber Company
DLR,Digital Realty Trust, Inc.
PKI,PerkinElmer, Inc.
INO,Inovio Pharmaceuticals, Inc.
HIW,Highwoods Properties, Inc.
SEP,Spectra Energy Partners, LP
DLPH,Delphi Technologies PLC
PRGO,Perrigo Company plc
MXIM,Maxim Integrated Products, Inc.
ENR,Energizer Holdings, Inc.
CLVS,Clovis Oncology, Inc.
AGRO,Adecoagro S.A.
MCK,McKesson Corporation
JPS,Nuveen Preferred Securities Income Fund
FND,Floor & Decor Holdings, Inc.
BV,BrightView Holdings, Inc.
CDNS,Cadence Design Systems, Inc.
SCI,Service Corporation International
BW,Babcock & Wilcox Enterprises, Inc.
ENTG,Entegris, Inc.
HOMB,Home Bancshares, Inc. (Conway, AR)
APLE,Apple Hospitality REIT, Inc.
IRDM,Iridium Communications Inc.
DPSGY,DEUTSCHE POST AG
NTRA,Natera, Inc.
LM,Legg Mason, Inc.
TUP,Tupperware Brands Corporation
DNOW,NOW Inc.
MTZ,MasTec, Inc.
SAND,Sandstorm Gold Ltd.
NTLA,Intellia Therapeutics, Inc.
AN,AutoNation, Inc.
CE,Celanese Corporation
SJM,The J. M. Smucker Company
USG,USG Corporation
UEC,Uranium Energy Corp.
LPNT,LifePoint Health, Inc.
CBLK,Carbon Black, Inc.
GBT,Global Blood Therapeutics, Inc.
BANC,Banc of California, Inc.
XYL,Xylem Inc.
HOPE,Hope Bancorp, Inc.
LKSD,LSC Communications, Inc.
SAFM,Sanderson Farms, Inc.
CONE,CyrusOne Inc.
FGEN,FibroGen, Inc.
BT,BT Group plc
APHQF,Aphria Inc.
OMF,OneMain Holdings, Inc.
SPGI,S&P Global Inc.
AMKR,Amkor Technology, Inc.
HSIC,Henry Schein, Inc.
CIM,Chimera Investment Corporation
CI,Cigna Corporation
UAN,CVR Partners, LP
BSIG,BrightSphere Investment Group plc
BXP,Boston Properties, Inc.
LW,Lamb Weston Holdings, Inc.
GPT,Gramercy Property Trust
SND,Smart Sand, Inc.
THO,Thor Industries, Inc.
LEXEA,Liberty Expedia Holdings, Inc.
RCM,R1 RCM Inc.
PHG,Koninklijke Philips N.V.
PDM,Piedmont Office Realty Trust, Inc.
TTS,Tile Shop Holdings, Inc.
AXGN,AxoGen, Inc.
CARA,Cara Therapeutics, Inc.
WTTR,Select Energy Services, Inc.
RPAI,Retail Properties of America, Inc.
MIC,Macquarie Infrastructure Corporation
SERV,ServiceMaster Global Holdings, Inc.
TIF,Tiffany & Co.
HSY,The Hershey Company
CVG,Convergys Corporation
ATHX,Athersys, Inc.
CSTM,Constellium N.V.
THC,Tenet Healthcare Corporation
SDRL,Seadrill Limited
OI,Owens-Illinois, Inc.
MOH,Molina Healthcare, Inc.
FIS,Fidelity National Information Services, Inc.
CJ,C&J Energy Services, Inc.
EMN,Eastman Chemical Company
UHS,Universal Health Services, Inc.
RLJ,RLJ Lodging Trust
PEI,Pennsylvania Real Estate Investment Trust
ECYT,Endocyte, Inc.
ELY,Callaway Golf Company
KMPR,Kemper Corporation
GCI,Gannett Co., Inc.
NTRI,Nutrisystem, Inc.
BXS,BancorpSouth Bank
PFIE,Profire Energy, Inc.
SHLD,Sears Holdings Corporation
ONB,Old National Bancorp
RHI,Robert Half International Inc.
CDMO,Avid Bioservices, Inc.
HR,Healthcare Realty Trust Incorporated
SKT,Tanger Factory Outlet Centers, Inc.
ABM,ABM Industries Incorporated
SBGI,Sinclair Broadcast Group, Inc.
MB,MINDBODY, Inc.
PACB,Pacific Biosciences of California, Inc.
GPRE,Green Plains Inc.
AON,Aon plc
MSGN,MSG Networks Inc.
ZBH,Zimmer Biomet Holdings, Inc.
DERM,Dermira, Inc.
UNVR,Univar Inc.
KTOS,Kratos Defense & Security Solutions, Inc.
MSM,MSC Industrial Direct Co., Inc.
HMSY,HMS Holdings Corp.
TXRH,Texas Roadhouse, Inc.
AROC,Archrock, Inc.
ENLK,EnLink Midstream Partners, LP
XPO,XPO Logistics, Inc.
HTA,Healthcare Trust of America, Inc.
BYD,Boyd Gaming Corporation
CSOD,Cornerstone OnDemand, Inc.
AMCX,AMC Networks Inc.
HIG,The Hartford Financial Services Group, Inc.
BAM,Brookfield Asset Management Inc.
HBM,Hudbay Minerals Inc.
KW,Kennedy-Wilson Holdings, Inc.
BPT,BP Prudhoe Bay Royalty Trust
GGAL,Grupo Financiero Galicia S.A.
BLUE,bluebird bio, Inc.
ADMS,Adamas Pharmaceuticals, Inc.
ATU,Actuant Corporation
HABT,The Habit Restaurants, Inc.
TRVG,trivago N.V.
SHW,The Sherwin-Williams Company
ONCE,Spark Therapeutics, Inc.
WAL,Western Alliance Bancorporation
PNW,Pinnacle West Capital Corporation
UL,Unilever PLC
BTU,Peabody Energy Corporation
BXMT,Blackstone Mortgage Trust, Inc.
GRMN,Garmin Ltd.
NVCR,NovoCure Limited
WBS,Webster Financial Corporation
SHPG,Shire plc
UCTT,Ultra Clean Holdings, Inc.
QCP,Quality Care Properties, Inc.
WEB,Web.com Group, Inc.
CXW,CoreCivic, Inc.
SNPS,Synopsys, Inc.
QRVO,Qorvo, Inc.
AKBA,Akebia Therapeutics, Inc.
SHLX,Shell Midstream Partners, L.P.
HAS,Hasbro, Inc.
MAR,Marriott International, Inc.
OSG,Overseas Shipholding Group, Inc.
GWW,W.W. Grainger, Inc.
MYGN,Myriad Genetics, Inc.
CVSI,CV Sciences, Inc.
FI,Frank's International N.V.
VVV,Valvoline Inc.
AGEN,Agenus Inc.
BIOS,BioScrip, Inc.
FMC,FMC Corporation
CMC,Commercial Metals Company
PTLA,Portola Pharmaceuticals, Inc.
EQM,EQT Midstream Partners, LP
EIGI,Endurance International Group Holdings, Inc.
TSG,The Stars Group Inc.
SGEN,Seattle Genetics, Inc.
KLAC,KLA-Tencor Corporation
DGX,Quest Diagnostics Incorporated
ZIOP,ZIOPHARM Oncology, Inc.
CEF,Sprott Physical Gold and Silver Trust
ARES,Ares Management, L.P.
RNG,RingCentral, Inc.
AMR,Alta Mesa Resources, Inc.
COL,Rockwell Collins, Inc.
LEG,Leggett & Platt, Incorporated
UMC,United Microelectronics Corporation
VNE,Veoneer, Inc.
NG,NovaGold Resources Inc.
PNFP,Pinnacle Financial Partners, Inc.
SEMG,SemGroup Corporation
ESNT,Essent Group Ltd.
SHO,Sunstone Hotel Investors, Inc.
CSIQ,Canadian Solar Inc.
PES,Pioneer Energy Services Corp.
REG,Regency Centers Corporation
WYND,Wyndham Destinations, Inc.
IONS,Ionis Pharmaceuticals, Inc.
ERF,Enerplus Corporation
XLNX,Xilinx, Inc.
UBSI,United Bankshares, Inc.
AVY,Avery Dennison Corporation
SBNY,Signature Bank
NEWR,New Relic, Inc.
WCN,Waste Connections, Inc.
LSXMK,The Liberty SiriusXM Group
PTC,PTC Inc.
DATA,Tableau Software, Inc.
DVAX,Dynavax Technologies Corporation
CDW,CDW Corporation
HLF,Herbalife Nutrition Ltd.
CLS,Celestica Inc.
HRS,Harris Corporation
ADNT,Adient plc
APH,Amphenol Corporation
AJRD,Aerojet Rocketdyne Holdings, Inc.
ARCO,Arcos Dorados Holdings Inc.
VEEV,Veeva Systems Inc.
ABEO,Abeona Therapeutics Inc.
ASML,ASML Holding N.V.
FLT,FleetCor Technologies, Inc.
JEC,Jacobs Engineering Group Inc.
MKC,McCormick & Company, Incorporated
POR,Portland General Electric Company
TOT,TOTAL S.A.
FSM,Fortuna Silver Mines Inc.
FLS,Flowserve Corporation
ELVT,Elevate Credit, Inc.
ANGO,AngioDynamics, Inc.
ALLE,Allegion plc
EVH,Evolent Health, Inc.
PFPT,Proofpoint, Inc.
NCR,NCR Corporation
GPC,Genuine Parts Company
SIX,Six Flags Entertainment Corporation
VR,Validus Holdings, Ltd.
KMT,Kennametal Inc.
LL,Lumber Liquidators Holdings, Inc.
RENN,Renren Inc.
ABMD,ABIOMED, Inc.
TRNO,Terreno Realty Corporation
HXL,Hexcel Corporation
NMM,Navios Maritime Partners L.P.
REN,Resolute Energy Corporation
GEO,The GEO Group, Inc.
LX,LexinFintech Holdings Ltd.
PGRE,Paramount Group, Inc.
MDU,MDU Resources Group, Inc.
ACM,AECOM
IBKR,Interactive Brokers Group, Inc.
DPZ,Domino's Pizza, Inc.
MSI,Motorola Solutions, Inc.
CAKE,The Cheesecake Factory Incorporated
EPAM,EPAM Systems, Inc.
SAIL,SailPoint Technologies Holdings, Inc.
PRTY,Party City Holdco Inc.
CFX,Colfax Corporation
HOV,Hovnanian Enterprises, Inc.
AJG,Arthur J. Gallagher & Co.
AFSI,AmTrust Financial Services, Inc.
GEL,Genesis Energy, L.P.
RYN,Rayonier Inc.
OCUL,Ocular Therapeutix, Inc.
TRP,TransCanada Corporation
TDS,Telephone and Data Systems, Inc.
VNO,Vornado Realty Trust
BOOT,Boot Barn Holdings, Inc.
TVPT,Travelport Worldwide Limited
SFLY,Shutterfly, Inc.
RARE,Ultragenyx Pharmaceutical Inc.
LXRX,Lexicon Pharmaceuticals, Inc.
IDTI,Integrated Device Technology, Inc.
MRC,MRC Global Inc.
G,Genpact Limited
QGEN,QIAGEN N.V.
ALNY,Alnylam Pharmaceuticals, Inc.
IVR,Invesco Mortgage Capital Inc.
SEIC,SEI Investments Co.
SNDR,Schneider National, Inc.
LSI,Life Storage, Inc.
SBAC,SBA Communications Corporation
GMS,GMS Inc.
TWOU,2U, Inc.
MRCY,Mercury Systems, Inc.
REI,Ring Energy, Inc.
BRKS,Brooks Automation, Inc.
ACC,American Campus Communities, Inc.
BEL,Belmond Ltd.
L,Loews Corporation
CHGG,Chegg, Inc.
CNSL,Consolidated Communications Holdings, Inc.
SMAR,Smartsheet Inc.
CLB,Core Laboratories N.V.
THS,TreeHouse Foods, Inc.
WH,Wyndham Hotels & Resorts, Inc.
LFVN,Lifevantage Corporation
SVU,SUPERVALU INC.
IOVA,Iovance Biotherapeutics, Inc.
SWCH,Switch, Inc.
GLPI,Gaming and Leisure Properties, Inc.
AXS,AXIS Capital Holdings Limited
H,Hyatt Hotels Corporation
MMP,Magellan Midstream Partners, L.P.
CTLT,Catalent, Inc.
HRTX,Heron Therapeutics, Inc.
BRS,Bristow Group Inc.
LADR,Ladder Capital Corp
ALKS,Alkermes plc
BMA,Banco Macro S.A.
HWC,Hancock Whitney Corporation
GOLD,Randgold Resources Limited
ADVM,Adverum Biotechnologies, Inc.
BCRX,BioCryst Pharmaceuticals, Inc.
ZUMZ,Zumiez Inc.
ATRA,Atara Biotherapeutics, Inc.
CREE,Cree, Inc.
NEA,Nuveen AMT-Free Quality Municipal Income Fund
IMAX,IMAX Corporation
ALV,Autoliv, Inc.
PRTK,Paratek Pharmaceuticals, Inc.
SNBR,Sleep Number Corporation
GLYC,GlycoMimetics, Inc.
SSNC,SS&C Technologies Holdings, Inc.
WMGI,Wright Medical Group N.V.
MAC,Macerich Company
UNFI,United Natural Foods, Inc.
SONC,Sonic Corp.
KDMN,Kadmon Holdings, Inc.
SLG,SL Green Realty Corp.
GALT,Galectin Therapeutics, Inc.
TTI,TETRA Technologies, Inc.
AINV,Apollo Investment Corporation
GLIBA,GCI Liberty, Inc.
SYK,Stryker Corporation
NUVA,NuVasive, Inc.
PVH,PVH Corp.
BDX,Becton, Dickinson and Company
SPPI,Spectrum Pharmaceuticals, Inc.
KEYS,Keysight Technologies, Inc.
ROIC,Retail Opportunity Investments Corp.
MLHR,Herman Miller, Inc.
JHG,Janus Henderson Group plc
FSCT,ForeScout Technologies, Inc.
TISI,Team, Inc.
NDAQ,Nasdaq, Inc.
PER,SandRidge Permian Trust
FR,First Industrial Realty Trust, Inc.
VRSN,VeriSign, Inc.
WAT,Waters Corporation
GAB,The Gabelli Equity Trust Inc.
FTK,Flotek Industries, Inc.
SEDG,SolarEdge Technologies, Inc.
WTFC,Wintrust Financial Corporation
ANSS,ANSYS, Inc.
OGZPY,Public Joint Stock Company Gazprom
AQMS,Aqua Metals, Inc.
ICPT,Intercept Pharmaceuticals, Inc.
CDK,CDK Global, Inc.
CG,The Carlyle Group L.P.
LCI,Lannett Company, Inc.
IART,Integra LifeSciences Holdings Corporation
DECK,Deckers Outdoor Corporation
CVA,Covanta Holding Corporation
CNAT,Conatus Pharmaceuticals Inc.
LLL,L3 Technologies, Inc.
PCRX,Pacira Pharmaceuticals, Inc.
GEMP,Gemphire Therapeutics Inc.
GORO,Gold Resource Corporation
EHC,Encompass Health Corporation
AER,AerCap Holdings N.V.
DANOY,DANONE
EXG,Eaton Vance Tax-Managed Global Diversified Equity Income Fund
OMI,Owens & Minor, Inc.
WING,Wingstop Inc.
CRR,CARBO Ceramics Inc.
ADMP,Adamis Pharmaceuticals Corporation
SIVB,SVB Financial Group
FLIR,FLIR Systems, Inc.
TMK,Torchmark Corporation
TEN,Tenneco Inc.
NTCT,NetScout Systems, Inc.
TCBI,Texas Capital Bancshares, Inc.
RMBS,Rambus Inc.
ARE,Alexandria Real Estate Equities, Inc.
BR,Broadridge Financial Solutions, Inc.
GOPH,Gopher Protocol Inc.
DRRX,DURECT Corporation
SKM,SK Telecom Co., Ltd.
LDOS,Leidos Holdings, Inc.
AME,AMETEK, Inc.
IAC,IAC/InterActiveCorp
EURN,Euronav NV
GTES,Gates Industrial Corporation plc
GWRE,Guidewire Software, Inc.
LLNW,Limelight Networks, Inc.
XLRN,Acceleron Pharma Inc.
RY,Royal Bank of Canada
CBPO,China Biologic Products Holdings, Inc.
FMI,Foundation Medicine, Inc.
MTOR,Meritor, Inc.
PETQ,PetIQ, Inc.
OTEX,Open Text Corporation
ATRS,Antares Pharma, Inc.
IRBT,iRobot Corporation
MTSI,MACOM Technology Solutions Holdings, Inc.
INT,World Fuel Services Corporation
DM,Dominion Energy Midstream Partners, LP
VRSK,Verisk Analytics, Inc.
NOAH,Noah Holdings Limited
NAV,Navistar International Corporation
NR,Newpark Resources, Inc.
NGL,NGL Energy Partners LP
BPOP,Popular, Inc.
SOI,Solaris Oilfield Infrastructure, Inc.
ECL,Ecolab Inc.
PTCT,PTC Therapeutics, Inc.
CBOE,Cboe Global Markets, Inc.
BRO,Brown & Brown, Inc.
IMMR,Immersion Corporation
VAR,Varian Medical Systems, Inc.
CRBP,Corbus Pharmaceuticals Holdings, Inc.
LAMR,Lamar Advertising Company (REIT)
CVRR,CVR Refining, LP
UBNT,Ubiquiti Networks, Inc.
NVTA,Invitae Corporation
WLTW,Willis Towers Watson Public Limited Company
KMPH,KemPharm, Inc.
AAN,Aaron's, Inc.
HDP,Hortonworks, Inc.
ESIO,Electro Scientific Industries, Inc.
PBA,Pembina Pipeline Corporation
DF,Dean Foods Company
RRTS,Roadrunner Transportation Systems, Inc.
VNDA,Vanda Pharmaceuticals Inc.
PSA,Public Storage
LEA,Lear Corporation
RBS,The Royal Bank of Scotland Group plc
SESN,Sesen Bio, Inc.
WWW,Wolverine World Wide, Inc.
CMG,Chipotle Mexican Grill, Inc.
BLDR,Builders FirstSource, Inc.
FRO,Frontline Ltd.
FLR,Fluor Corporation
BKI,Black Knight, Inc.
MKSI,MKS Instruments, Inc.
CASI,CASI Pharmaceuticals, Inc.
HTGC,Hercules Capital, Inc.
PAYC,Paycom Software, Inc.
HQY,HealthEquity, Inc.
LBRT,Liberty Oilfield Services Inc.
REXR,Rexford Industrial Realty, Inc.
JBGS,JBG Smith Properties
AEL,American Equity Investment Life Holding Company
RVT,Royce Value Trust Inc.
AMG,Affiliated Managers Group, Inc.
LSCC,Lattice Semiconductor Corporation
AQUA,Evoqua Water Technologies Corp.
TRCO,Tribune Media Company
ARMK,Aramark
AVB,AvalonBay Communities, Inc.
EVR,Evercore Inc.
SSC,Seven Stars Cloud Group, Inc.
ENT,Global Eagle Entertainment Inc.
UUUU,Energy Fuels Inc.
KLDX,Klondex Mines Ltd.
RMD,ResMed Inc.
SYNA,Synaptics Incorporated
AVXL,Anavex Life Sciences Corp.
EV,Eaton Vance Corp.
CRTO,Criteo S.A.
LH,Laboratory Corporation of America Holdings
OMER,Omeros Corporation
AMRS,Amyris, Inc.
STAG,STAG Industrial, Inc.
AWK,American Water Works Company, Inc.
AIV,Apartment Investment and Management Company
AREX,Approach Resources, Inc.
NTES,NetEase, Inc.
COLD,Americold Realty Trust
RDFN,Redfin Corporation
PRAH,PRA Health Sciences, Inc.
MSCI,MSCI Inc.
ORLY,O'Reilly Automotive, Inc.
PEB,Pebblebrook Hotel Trust
TCO,Taubman Centers, Inc.
REVG,REV Group, Inc.
TTOO,T2 Biosystems, Inc.
SFL,Ship Finance International Limited
BDJ,BlackRock Enhanced Equity Dividend Trust
AOBC,American Outdoor Brands Corporation
PII,Polaris Industries Inc.
MBI,MBIA Inc.
HAE,Haemonetics Corporation
ODFL,Old Dominion Freight Line, Inc.
ACHC,Acadia Healthcare Company, Inc.
RYAM,Rayonier Advanced Materials Inc.
MOBL,MobileIron, Inc.
AHL,Aspen Insurance Holdings Limited
CRI,Carter's, Inc.
LOPE,Grand Canyon Education, Inc.
MDSO,Medidata Solutions, Inc.
PFGC,Performance Food Group Company
CPT,Camden Property Trust
CLNC,Colony Credit Real Estate, Inc.
LBRDK,Liberty Broadband Corporation
DNP,DNP Select Income Fund Inc.
BLCM,Bellicum Pharmaceuticals, Inc.
PSMT,PriceSmart, Inc.
IPI,Intrepid Potash, Inc.
JNP,Juniper Pharmaceuticals, Inc.
SJR,Shaw Communications Inc.
VVR,Invesco Senior Income Trust
CEIX,CONSOL Energy Inc.
KRO,Kronos Worldwide, Inc.
ASX,ASE Technology Holding Co., Ltd.	
ACCO,ACCO Brands Corporation
KN,Knowles Corporation
CASY,Casey's General Stores, Inc.
TKR,The Timken Company
RS,Reliance Steel & Aluminum Co.
NGG,National Grid plc
CXP,Columbia Property Trust, Inc.
CINF,Cincinnati Financial Corporation
LPT,Liberty Property Trust
DEI,Douglas Emmett, Inc.
PCI,PIMCO Dynamic Credit and Mortgage Income Fund
ASH,Ashland Global Holdings Inc.
ENTA,Enanta Pharmaceuticals, Inc.
AKR,Acadia Realty Trust
SNA,Snap-on Incorporated
TTGT,TechTarget, Inc.
OAK,Oaktree Capital Group, LLC
OFC,Corporate Office Properties Trust
LPG,Dorian LPG Ltd.
ARR,ARMOUR Residential REIT, Inc.
VSAT,Viasat, Inc.
GWR,Genesee & Wyoming Inc.
UFS,Domtar Corporation
VEDL,Vedanta Limited
EAF,GrafTech International Ltd.
GES,Guess', Inc.
KL,Kirkland Lake Gold Ltd.
BGNE,BeiGene, Ltd.
HCSG,Healthcare Services Group, Inc.
HUM,Humana Inc.
STE,STERIS plc
ELGX,Endologix, Inc.
PLAB,Photronics, Inc.
TTD,The Trade Desk, Inc.
PRTA,Prothena Corporation plc
UGI,UGI Corporation
HIBB,Hibbett Sports, Inc.
SINA,SINA Corporation
SHOO,Steven Madden, Ltd.
LPLA,LPL Financial Holdings Inc.
ELF,e.l.f. Beauty, Inc.
SMG,The Scotts Miracle-Gro Company
HMC,Honda Motor Co., Ltd.
PFBC,Preferred Bank
SSYS,Stratasys Ltd.
KRG,Kite Realty Group Trust
WTR,Aqua America, Inc.
CDXC,ChromaDex Corporation
SGMS,Scientific Games Corporation
WRI,Weingarten Realty Investors
HOS,Hornbeck Offshore Services, Inc.
INSY,INSYS Therapeutics, Inc.
MGP,MGM Growth Properties LLC
INXN,InterXion Holding N.V.
FORM,FormFactor, Inc.
SSRM,SSR Mining Inc.
INVA,Innoviva, Inc.
NTDOY,NINTENDO CO LTD
MARK,Remark Holdings, Inc.
NFG,National Fuel Gas Company
WIX,Wix.com Ltd.
TIVO,TiVo Corporation
TRU,TransUnion
VNTR,Venator Materials PLC
CISN,Cision Ltd.
SIMO,Silicon Motion Technology Corporation
BNED,Barnes & Noble Education, Inc.
DHT,DHT Holdings, Inc.
AL,Air Lease Corporation
IIVI,II-VI Incorporated
MUSA,Murphy USA Inc.
WOW,WideOpenWest, Inc.
KPTI,Karyopharm Therapeutics Inc.
ZFGN,Zafgen, Inc.
NWY,New York & Company, Inc.
PMT,PennyMac Mortgage Investment Trust
CPLP,Capital Product Partners L.P.
LPL,LG Display Co., Ltd.
GGG,Graco Inc.
SNR,New Senior Investment Group Inc.
NJR,New Jersey Resources Corporation
DOX,Amdocs Limited
OLLI,Ollie's Bargain Outlet Holdings, Inc.
ROL,Rollins, Inc.
IFF,International Flavors & Fragrances Inc.
PNM,PNM Resources, Inc.
VNOM,Viper Energy Partners LP
BMS,Bemis Company, Inc.
CCT,Corporate Capital Trust, Inc.
UCBI,United Community Banks, Inc.
NBIX,Neurocrine Biosciences, Inc.
ATNX,Athenex, Inc.
SNN,Smith & Nephew plc
LFC,China Life Insurance Company Limited
BSAC,Banco Santander-Chile
SYNH,Syneos Health, Inc.
CDNA,CareDx, Inc
GKOS,Glaukos Corporation
JKS,JinkoSolar Holding Co., Ltd.
DRNA,Dicerna Pharmaceuticals, Inc.
LXP,Lexington Realty Trust
HDB,HDFC Bank Limited
BHVN,Biohaven Pharmaceutical Holding Company Ltd.
BCO,The Brink's Company
GLOB,Globant S.A.
BLDP,Ballard Power Systems Inc.
ENIC,Enel Chile S.A.
TX,Ternium S.A.
MBFI,MB Financial, Inc.
SON,Sonoco Products Company
LTM,LATAM Airlines Group S.A.
SJI,South Jersey Industries, Inc.
NCMI,National CineMedia, Inc.
VVC,Vectren Corporation
ALRM,Alarm.com Holdings, Inc.
AMPE,Ampio Pharmaceuticals, Inc.
CIB,Bancolombia S.A.
RPT,Ramco-Gershenson Properties Trust
BAS,Basic Energy Services, Inc.
BHPLF,BHP Billiton Limited
KRC,Kilroy Realty Corporation
MAA,Mid-America Apartment Communities, Inc.
LZB,La-Z-Boy Incorporated
PKG,Packaging Corporation of America
CHU,China Unicom (Hong Kong) Limited
HPP,Hudson Pacific Properties, Inc.
LEE,Lee Enterprises, Incorporated
CDAY,Ceridian HCM Holding Inc.
NTGR,NETGEAR, Inc.
RBA,Ritchie Bros. Auctioneers Incorporated
EVRI,Everi Holdings Inc.
WATT,Energous Corporation
FAF,First American Financial Corporation
VGR,Vector Group Ltd.
WAIR,Wesco Aircraft Holdings, Inc.
XCRA,Xcerra Corporation
UNT,Unit Corporation
COO,The Cooper Companies, Inc.
GRA,W. R. Grace & Co.
AZPN,Aspen Technology, Inc.
TTMI,TTM Technologies, Inc.
HIX,Western Asset High Income Fund II Inc.
FLXN,Flexion Therapeutics, Inc.
INOV,Inovalon Holdings, Inc.
MASI,Masimo Corporation
HE,Hawaiian Electric Industries, Inc.
HDSN,Hudson Technologies Inc.
RGLD,Royal Gold, Inc.
WAFD,Washington Federal, Inc.
UBSH,Union Bankshares Corporation
DAR,Darling Ingredients Inc.
AWP,Alpine Global Premier Properties Fund
ELS,Equity LifeStyle Properties, Inc.
TRTN,Triton International Limited
UIS,Unisys Corporation
FNV,Franco-Nevada Corporation
HASI,Hannon Armstrong Sustainable Infrastructure Capital, Inc.
JELD,JELD-WEN Holding, Inc.
TGI,Triumph Group, Inc.
HPT,Hospitality Properties Trust
SMCI,Super Micro Computer, Inc.
CMCM,Cheetah Mobile Inc.
AI,Arlington Asset Investment Corp.
BLNK,Blink Charging Co.
LJPC,La Jolla Pharmaceutical Company
TREX,Trex Company, Inc.
EMD,Western Asset Emerging Markets Debt Fund Inc.
LILA,Liberty Latin America Ltd.
PEIX,Pacific Ethanol, Inc.
SUPN,Supernus Pharmaceuticals, Inc.
HUBS,HubSpot, Inc.
SCS,Steelcase Inc.
LTRPA,Liberty TripAdvisor Holdings, Inc.
INSM,Insmed Incorporated
FFWM,First Foundation Inc.
MANH,Manhattan Associates, Inc.
NFJ,AllianzGI NFJ Dividend, Interest & Premium Strategy Fund
POST,Post Holdings, Inc.
RP,RealPage, Inc.
NEWM,New Media Investment Group Inc.
CECO,Career Education Corporation
RYTM,Rhythm Pharmaceuticals, Inc.
ITT,ITT Inc.
ALEX,Alexander & Baldwin, Inc.
EQC,Equity Commonwealth
CHRS,Coherus BioSciences, Inc.
KS,KapStone Paper and Packaging Corporation
LOXO,Loxo Oncology, Inc.
SWX,Southwest Gas Holdings, Inc.
ATEN,A10 Networks, Inc.
IPHI,Inphi Corporation
VSTO,Vista Outdoor Inc.
GPRK,GeoPark Limited
FCF,First Commonwealth Financial Corporation
LSXMA,The Liberty SiriusXM Group
GHL,Greenhill & Co., Inc.
FRT,Federal Realty Investment Trust
SURF,Surface Oncology, Inc.
INN,Summit Hotel Properties, Inc.
QNST,QuinStreet, Inc.
BMO,Bank of Montreal
BPFH,Boston Private Financial Holdings, Inc.
ARNA,Arena Pharmaceuticals, Inc.
INST,Instructure, Inc.
IRET,Investors Real Estate Trust
PSO,Pearson plc
BAYRY,BAYER AG
PGTI,PGT Innovations, Inc.
GER,Goldman Sachs MLP and Energy Renaissance Fund
UE,Urban Edge Properties
KEYW,The KeyW Holding Corporation
CDR,Cedar Realty Trust, Inc.
TVTY,Tivity Health, Inc.
RGA,Reinsurance Group of America, Incorporated
EQIX,Equinix, Inc. (REIT)
TPRE,Third Point Reinsurance Ltd.
NBEV,New Age Beverages Corporation
MBII,Marrone Bio Innovations, Inc.
GBCI,Glacier Bancorp, Inc.
PTI,Proteostasis Therapeutics, Inc.
EBS,Emergent BioSolutions Inc.
OZM,Och-Ziff Capital Management Group LLC
CHEF,The Chefs' Warehouse, Inc.
HMHC,Houghton Mifflin Harcourt Company
ACOR,Acorda Therapeutics, Inc.
COBZ,CoBiz Financial Inc.
TKPYY,Takeda Pharmaceutical Company Limited
BCX,Blackrock Resources & Commodities Strategy Trust
BKH,Black Hills Corporation
MYI,BlackRock MuniYield Quality Fund III, Inc.
GPI,Group 1 Automotive, Inc.
GNL,Global Net Lease, Inc.
KTWO,K2M Group Holdings, Inc.
AY,Atlantica Yield plc
SEM,Select Medical Holdings Corporation
EKSO,Ekso Bionics Holdings, Inc.
JILL,J.Jill, Inc.
TLK,Perusahaan Perseroan (Persero) PT Telekomunikasi Indonesia Tbk
GDEN,Golden Entertainment, Inc.
AGIO,Agios Pharmaceuticals, Inc.
EXP,Eagle Materials Inc.
NATI,National Instruments Corporation
IMO,Imperial Oil Limited
SMRT,Stein Mart, Inc.
GNRC,Generac Holdings Inc.
AHH,Armada Hoffler Properties, Inc.
USX,U.S. Xpress Enterprises, Inc.
OCN,Ocwen Financial Corporation
EPR,EPR Properties
TRHC,Tabula Rasa HealthCare, Inc.
SNX,SYNNEX Corporation
LGND,Ligand Pharmaceuticals Incorporated
TYME,Tyme Technologies, Inc.
IDXX,IDEXX Laboratories, Inc.
BCOR,Blucora, Inc.
CYRX,Cryoport, Inc.
CAJ,Canon Inc.
IRT,Independence Realty Trust, Inc.
PI,Impinj, Inc.
CTRE,CareTrust REIT, Inc.
WGO,Winnebago Industries, Inc.
HSC,Harsco Corporation
ACLS,Axcelis Technologies, Inc.
SITE,SiteOne Landscape Supply, Inc.
CALM,Cal-Maine Foods, Inc.
MDCA,MDC Partners Inc.
BWXT,BWX Technologies, Inc.
DDS,Dillard's, Inc.
ACIU,AC Immune SA
AMSC,American Superconductor Corporation
AHT,Ashford Hospitality Trust, Inc.
MMSI,Merit Medical Systems, Inc.
MFG,Mizuho Financial Group, Inc.
LHO,LaSalle Hotel Properties
ORIG,Ocean Rig UDW Inc.
DLX,Deluxe Corporation
RWT,Redwood Trust, Inc.
WOR,Worthington Industries, Inc.
FANH,Fanhua Inc.
EZPW,EZCORP, Inc.
UTHR,United Therapeutics Corporation
TLGT,Teligent, Inc.
XHR,Xenia Hotels & Resorts, Inc.
SCHN,Schnitzer Steel Industries, Inc.
BAK,Braskem S.A.
EPZM,Epizyme, Inc.
DAC,Danaos Corporation
BDSI,BioDelivery Sciences International, Inc.
LGIH,LGI Homes, Inc.
GIL,Gildan Activewear Inc.
CSLT,Castlight Health, Inc.
AZZ,AZZ Inc.
PLYA,Playa Hotels & Resorts N.V.
GHDX,Genomic Health, Inc.
CRNT,Ceragon Networks Ltd.
APTI,Apptio, Inc.
CODI,Compass Diversified Holdings LLC
ANGI,ANGI Homeservices Inc.
EROS,Eros International Plc
CLUB,Town Sports International Holdings, Inc.
ISNPY,Intesa Sanpaolo S.p.A.
WRE,Washington Real Estate Investment Trust
AGS,PlayAGS, Inc.
JTD,Nuveen Tax-Advantaged Dividend Growth Fund
OMCL,Omnicell, Inc.
ABAX,Abaxis, Inc.
FRPT,Freshpet, Inc.
TLRA,Telaria, Inc.
FCPT,Four Corners Property Trust, Inc.
TILE,Interface, Inc.
KURA,Kura Oncology, Inc.
BVX,Bovie Medical Corporation
VTL,Vital Therapies, Inc.
GLOG,GasLog Ltd.
AVX,AVX Corporation
TBPH,Theravance Biopharma, Inc.
ITCI,Intra-Cellular Therapies, Inc.
RGEN,Repligen Corporation
FOXF,Fox Factory Holding Corp.
NXTM,Nxstage Medical, Inc.
GNBC,Green Bancorp, Inc.
DEST,Destination Maternity Corporation
UMRX,Unum Therapeutics Inc.
KALA,Kala Pharmaceuticals, Inc.
TRTX,TPG RE Finance Trust, Inc.
RBGLY,Reckitt Benckiser Group plc
CFRUY,RICHEMONT(CIE FIN)
CPLG,CorePoint Lodging Inc.
NPSNY,Naspers Limited
QUOT,Quotient Technology Inc.
KANG,iKang Healthcare Group, Inc.
GRBK,Green Brick Partners, Inc.
AMKBY,A.P. MOLLER-MAERSK
GRWG,GrowGeneration Corp.
MOTS,Motus GI Holdings, Inc.
IMBBY,Imperial Brands PLC
FENG,Phoenix New Media Limited
AMSWA,American Software, Inc.
MANT,ManTech International Corporation
TOELY,Tokyo Electron Limited
HRELF,Haier Electronics Group Co., Ltd.
AHCHY,Anhui Conch Cement Company Limited
HCAC,Hennessy Capital Acquisition Corp. III
WGL,WGL Holdings, Inc.
CRNCY,Cairn Energy PLC
